Jahr,Rathaus,Hochschulen,Lindenhof,City,Wollishofen,Leimbach,Enge,Alt-Wiedikon,Friesenberg,Sihlfeld,Werd,Langstrasse,Hard,Gewerbeschule,Escher Wyss,Unterstrass,Oberstrass,Fluntern,Hottingen,Hirslanden,Witikon,Seefeld,Mühlebach,Weinegg,Albisrieden,Altstetten,Höngg,Wipkingen,Affoltern,Oerlikon,Seebach,Saatlen,Schwamendingen-Mitte,Hirzenbach
1999,39.9,31.05,43.7,31.3,36.85,33.3,43.4,36.8,26.5,32.3,33.3,29.4,27.2,32.1,35.5,36.8,41.55,46.4,41.1,38.9,42.6,42.2,40.2,40,34.9,33.5,42.1,34.4,32.8,37,32,27.3,30,26.6
2000,42.8,32.35,45.2,37.25,38,32.85,45.8,38.9,28,34.1,35.4,31.4,28.1,34.6,40.4,38,43.6,48.2,42.7,40,44.4,46.2,43,41.95,35.7,34.8,43.4,36.9,33.6,38.3,33.2,29,31.6,28.1
2001,45,35.3,48.45,35.55,39.8,35,47.6,39.8,30,35.6,38.2,32.9,30,36,41.45,39.9,45.4,49,45.1,41.7,45.35,47.9,44.2,43.9,37.8,36,45.1,38.8,34.4,40,34.3,31.3,32.8,28.7
2002,44.05,33.2,45,36.3,39.5,36.5,46.9,40.5,29.7,35.5,38.65,32.9,29.7,36,45.2,40.5,45.7,48.55,45.7,42.1,45.1,48.3,43.55,43.3,37.1,36.3,45.3,39,35,40.1,34.7,30.6,33.05,29
2003,45,32.3,49.1,38,39.3,34.8,47.29,40.2,29.8,35.5,38,34.1,30,37,47.1,40.7,45.7,48.5,46,42.45,44.1,47.6,44.7,44.7,36.8,36.6,45.1,39.5,34.4,40,34.8,30.5,32.5,29.6
2004,42.1,32.85,51.45,36,38.7,34.1,47.4,40.6,28.5,35.6,39.1,33.1,29.85,37.1,47.4,41,46,49.05,46.3,42.9,42.8,47.9,43.75,44,36.5,36.1,44.4,39.4,34.2,39.85,34.2,29.7,31.9,29.2
2005,44.5,33.05,50.5,36.6,38.75,35,48.6,42.4,28.2,35.8,40,34.8,29.2,37.5,46.9,41.5,47.1,50.3,47.5,43.9,43.4,49.8,45.5,44,36.4,35.9,44.85,39.6,34.8,39.9,34.4,29.3,31.3,28.5
2006,46.2,33.5,52.4,35.8,39.5,35.6,50,43.9,28.9,36.9,41.05,35.3,29.8,38.3,50.65,41.4,48.9,52.95,48.1,43.5,44.4,52,47.55,44.6,37.3,36.6,45.8,40.6,35,41.4,34.6,30.95,30.8,29.3
2007,47.15,40,54,39.8,40.8,37.45,52.65,45.2,30,38.9,42.6,36,31.1,40,54,44,50.6,56.25,50.3,45.3,46.1,55.7,50.1,45.45,39.3,37.8,46.85,42.1,36.2,43.25,36,31.95,31.5,30.25
2008,49.3,39,56.35,41.8,42.2,38.4,55.1,47.7,30.45,39.8,44.5,38.8,32.7,41.9,55.95,46,52.2,59.6,52.3,47,45.6,57.8,51.9,46.85,40.7,39.6,48.3,43.7,38.1,44.5,37.7,32.2,32.7,30.5
2009,49.3,39.4,56.8,41.25,42.7,37.7,55.2,48.8,31.4,40.3,45,39.2,32.6,41.3,55.5,46.15,52.1,56.9,51.1,46.6,47.25,58.25,54.4,47.3,41.9,40,48.6,44.1,38.8,45,37.4,32.8,32.95,30.7
2010,49.05,38.8,58.1,35.2,42.9,37.1,55.7,49.5,31.65,40,45,40,33.1,42.2,55.15,46.1,52,55.2,52.7,47.2,46.1,60.6,54.2,46.4,42.6,39.9,48.8,44.2,38.4,45.4,38.6,31.85,33.4,30
2011,49.95,42.35,56.2,33.5,42.5,37.2,55.8,49.8,33.25,41.3,45,39.8,33.8,40.5,55.6,46.4,52.4,57,54.1,48.1,46.45,61.2,55.45,46.9,42.2,40.6,49,45.1,38.9,45.4,38.3,32.3,32.9,29.7
2012,49.2,41.7,54.8,35,42.4,37.85,56.5,50,33,41.5,47.7,40,34.5,41.5,56.55,46.4,52.1,56.9,54.4,48.3,46.4,62.5,56.3,47,41.9,40.7,48.8,45.9,39,45.8,39.2,31.4,33,29.2
2013,50,35.9,55.1,32.7,43.1,38.4,57.2,51.1,32.55,42.5,47.8,40.95,34.6,41.4,60.3,46.45,51.2,56.1,55,49.4,45,61.7,55.8,45.8,42.35,40.5,48.6,45.7,38.8,45.7,39.3,32.1,33.2,29.1
2014,49.75,36.2,55.55,31.6,42.5,37.8,57.5,51.8,32.2,42.7,47.9,41.5,34.65,42.6,63,46.3,50.2,55.3,54.9,50.3,45.4,62.2,55.9,45.7,42.6,41.2,48.5,45.4,38.6,45.4,39.4,32.6,34.05,30
2015,49.8,34.7,55.4,27.4,43.8,38.7,59.3,51.7,32.4,43,46.95,42.6,34.1,42.8,64.6,46.2,50.08,56.4,53.7,50.15,44.3,62.3,56.1,45.95,42.1,41,47.9,45.7,38.4,45,38.9,32.4,34.45,30.8
2016,49.1,33.45,54,26.1,43.1,36.75,59.8,52,32.2,43.1,46.95,44.5,34.3,43,66,46.7,50.45,56.3,54.9,49.85,45.2,63.7,55.7,46.1,43.75,40.8,48,46.1,37.8,46,39,32.6,34.1,30.2
2017,48.8,38.55,50.9,31,43.1,35.6,59.6,51.3,32.3,44.5,48.3,44.4,35.3,41.8,66.5,46.4,49.6,56.4,55.5,48.8,45.1,63.8,56.3,47.1,44.3,41.6,47.4,46.1,38.8,46.1,39.2,32.7,35,31.3
2018,47.9,35.05,53.3,27.5,44,35.9,60.9,52.5,33,45,50,45,36,43.8,67.15,46.5,50.7,54.3,55.9,48.5,45.25,66.5,57.65,46.8,44.3,43.2,47.6,47.2,38.6,46.8,39.4,32.5,35,32.75
2019,47.4,31.7,52.65,30.9,45,37.4,62,54,33.1,45.7,52.5,47.7,37,45.5,68.8,47.5,52.8,54,57.3,49,46.8,66.9,58.4,47.1,45.5,44,48.2,47.6,39.4,47.7,40,33.3,35.1,33.2
2020,49.6,36.9,61.05,29.6,45.6,36.6,62.85,55.25,32.9,46.1,53.5,49.3,38,47.2,67.5,48.2,53.6,55.6,57.2,50.4,46.9,67,57.3,49.2,45.8,44,47.8,48.1,39.3,47.3,40,33.4,35.5,33.6
2021,50.8,39.5,62.3,32.25,48.1,38.8,63.8,55,33.1,47.55,55.1,51,38.3,46.7,68.6,48.95,54.3,55.4,57.9,52,47.3,66,59.8,49.05,46.8,44.7,48.55,48.9,39.1,47.9,41.8,34,35.5,33.2
2022,50.85,42.05,60.5,31.15,50.2,39.9,64.1,56.3,33.8,49.1,58.6,53.1,39.5,47.5,72.3,49.6,55.5,57.25,59.05,55,48.2,68.6,61.6,50.1,47.8,46.6,49.1,49.2,40,50,43.2,34.5,37.4,33.8
2023,50.45,42.1,60.2,29.9,50.3,40,65,56.35,35.3,49.9,58.7,52.1,41.2,49,73.3,50.1,57,57.7,59.6,54.8,49.7,68.2,62.5,53.45,49.1,48.1,49.8,49.6,40.9,50.8,44,35.1,38.4,35.1